{
  "$schema": "http://json.schemastore.org/template",
  "author": "version 1.1.0",
  "classifications": [ "Web/WebAPI" ], 
  "name": ".NET 8 BaseService Clean Arq",
  "identity": "BaseService.CleanArqTemplate.CSharp",         
  "groupIdentity":"BaseService.CleanArqTemplate",
  "shortName": "baseService",                    
  "tags": {
    "language": "C#",                        
    "type":"project"
  },
  "sourceName": "BaseService",       
  "preferNameDirectory":true,  
  "sources": [
    {
      "modifiers": [
        {
          "exclude": [ ".vs/**", ".git/**"]
        }
      ]
    }
  ]
}
